iso3,country,region,latest_observed_date,data_status,cases,ave_season_monthly_cases,monthly_ratio,severity,severity_interpretation,percentile_cumulative,current_season_severity,current_season_percentile,current_season_interpretation,predicted_total_seasonal_cases,monthly_ratio_descriptor
ABW,Aruba,Caribbean,2025-10-01,Observed,0,64.25,0,Low,Below average - fewer cases than typical at this point,5.28329445703954,Extremely Low,4.37502541124254,Rare good event - unusually low cases to date,17,running well below
AFG,Afghanistan,South Asia,2026-07-01,Observed,473,147,3.2176870748299318,Extremely High,Rare bad event - unusually high cases to date,96.8768265662552,Normal,50.9821352630898,Average - typical case load at this point,8157,running well above
ARG,Argentina,South America,2026-07-01,Observed,2,315.125,0.006346687822292741,Normal,Average - typical case load at this point,26.6543604361908,Low,22.2797273221994,Below average - fewer cases than typical at this point,1715,running well below
ATG,Antigua And Barbuda,Caribbean,2026-06-01,Observed,4,8,0.5,Normal,Average - typical case load at this point,33.2265372823685,Low,14.408567271876,Below average - fewer cases than typical at this point,42,running well below
AUS,Australia,Pacific Islands,2026-07-01,Observed,101,116.857142857143,0.8643031784841065,Normal,Average - typical case load at this point,48.0246387418621,Unknown,48.0982479015585,Cannot determine,1254,running slightly below
BFA,Burkina Faso,Sub-Saharan Africa,2026-07-01,Observed,4138,1053.85714285714,3.926528399078227,High,Above average - more cases than typical at this point,93.3140493460735,Normal,44.4207575103901,Average - typical case load at this point,170427,running well above
BGD,Bangladesh,South Asia,2026-07-01,Observed,9206,4820.5,1.9097603982989317,High,Above average - more cases than typical at this point,85.6722254129632,Normal,66.6269504297249,Average - typical case load at this point,88141,running well above
BHS,Bahamas,Caribbean,2026-05-01,Observed,0,53.75,0,Normal,Average - typical case load at this point,32.2027415368659,Low,10.6206094363462,Below average - fewer cases than typical at this point,15,running well below
BLM,Saint Barthelemy,Caribbean,2026-05-01,Observed,0,31.9,0,Low,Below average - fewer cases than typical at this point,9.59441247060387,Extremely Low,2.24277460734631,Rare good event - unusually low cases to date,0,running well below
BLZ,Belize,North & Central America,2026-04-01,Observed,11,142.375,0.07726075504828797,Low,Below average - fewer cases than typical at this point,6.30714718594441,Low,15.9322363709826,Below average - fewer cases than typical at this point,629,running well below
BOL,Bolivia,South America,2026-08-01,Observed,472,546.3125,0.8639743736414598,Normal,Average - typical case load at this point,46.7993192565086,Extremely Low,0.118162431712907,Rare good event - unusually low cases to date,27994,running slightly below
BRA,Brazil,South America,2026-08-01,Observed,48105,40514.2666666667,1.1873595145084685,Normal,Average - typical case load at this point,50.5899381234511,Extremely Low,2.67533353693961e-8,Rare good event - unusually low cases to date,1698002,running slightly above
BRB,Barbados,Caribbean,2026-07-01,Observed,6,45.875,0.1307901907356948,Low,Below average - fewer cases than typical at this point,20.5067102675437,Low,7.08057328197663,Below average - fewer cases than typical at this point,163,running well below
BTN,Bhutan,South Asia,2026-07-01,Observed,1,65.75,0.015209125475285171,Normal,Average - typical case load at this point,25.7840794182787,Low,13.9412634606838,Below average - fewer cases than typical at this point,99,running well below
CHL,Chile,South America,2026-07-01,Observed,0,1,0,Unknown,Cannot determine,NA,Unknown,NA,Cannot determine,27,running well below
CHN,China,East & Southeast Asia,2026-07-01,Observed,1120,339.857142857143,3.295502311895753,Unknown,Cannot determine,NA,Normal,38.9719306453306,Average - typical case load at this point,40458,running well above
CIV,Cote D'ivoire,Sub-Saharan Africa,2026-07-01,Observed,100,748,0.13368983957219252,Normal,Average - typical case load at this point,43.030014856720904,Normal,35.8400354220773,Average - typical case load at this point,830,running well below
COK,Cook Islands,Pacific Islands,2026-07-01,Observed,0,23.25,0,Extremely High,Rare bad event - unusually high cases to date,98.9833374973885,Low,20.9486090513296,Below average - fewer cases than typical at this point,1288,running well below
COL,Colombia,South America,2026-08-01,Observed,4176,7105.3125,0.5877292518801953,Normal,Average - typical case load at this point,56.549590776703,Normal,33.0608339683434,Average - typical case load at this point,103112,running well below
CRI,Costa Rica,North & Central America,2026-08-01,Observed,218,2702.0625,0.080679110864386,Low,Below average - fewer cases than typical at this point,13.3354345996965,Low,5.37379711075746,Below average - fewer cases than typical at this point,5646,running well below
CUB,Cuba,Caribbean,2026-06-01,Observed,298,116.125,2.566200215285253,Extremely High,Rare bad event - unusually high cases to date,99.9871275912423,Extremely High,99.9999978881041,Rare bad event - unusually high cases to date,5088,running well above
CYM,Cayman Islands,Caribbean,2026-07-01,Observed,0,6.57142857142857,0,Extremely Low,Rare good event - unusually low cases to date,0.405677908585545,Extremely Low,0.010938500235421,Rare good event - unusually low cases to date,0,running well below
DOM,Dominican Republic,Caribbean,2026-07-01,Observed,145,693.5625,0.20906551320176625,Low,Below average - fewer cases than typical at this point,11.0870731903437,Low,6.07841512506695,Below average - fewer cases than typical at this point,1790,running well below
ECU,Ecuador,South America,2026-08-01,Observed,2598,1097.93333333333,2.3662638897322315,High,Above average - more cases than typical at this point,84.846752455239,Extremely Low,9.7426072278356e-4,Rare good event - unusually low cases to date,35171,running well above
ERI,Eritrea,Sub-Saharan Africa,2026-06-01,Observed,15,751,0.019973368841544607,Extremely Low,Rare good event - unusually low cases to date,0.00216158409507109,Extremely Low,1.17031367497185e-17,Rare good event - unusually low cases to date,4292,running well below
ETH,Ethiopia,Sub-Saharan Africa,2026-07-01,Observed,328,424.666666666667,0.7723704866562003,Unknown,Cannot determine,NA,Low,9.88738653103267,Below average - fewer cases than typical at this point,11937,running slightly below
FJI,Fiji,Pacific Islands,2026-07-01,Observed,387,470.066666666667,0.823287476953623,Normal,Average - typical case load at this point,52.1699333884617,Extremely Low,1.97255471700063,Rare good event - unusually low cases to date,6132,running slightly below
FSM,Micronesia (Federated States Of),Pacific Islands,2026-06-01,Observed,0,33.4444444444444,0,Normal,Average - typical case load at this point,46.6515955610914,Low,24.1595477485961,Below average - fewer cases than typical at this point,152,running well below
GLP,Guadeloupe,Caribbean,2026-05-01,Observed,34,182.066666666667,0.18674478213108717,Normal,Average - typical case load at this point,47.3793616649298,Normal,25.6267267925406,Average - typical case load at this point,2303,running well below
GRD,Grenada,Caribbean,2026-07-01,Observed,12,27.6,0.43478260869565216,Normal,Average - typical case load at this point,44.1552085220868,Low,20.0446625222156,Below average - fewer cases than typical at this point,177,running well below
GTM,Guatemala,North & Central America,2026-07-01,Observed,135,3464.4375,0.03896736483195324,High,Above average - more cases than typical at this point,78.9120313412649,Normal,59.8277679635934,Average - typical case load at this point,42035,running well below
GUF,French Guiana,South America,2026-08-01,Observed,1,224.153846153846,0.004461221688400827,Extremely Low,Rare good event - unusually low cases to date,3.73042589019228,Low,10.4031367412686,Below average - fewer cases than typical at this point,54,running well below
GUY,Guyana,South America,2026-06-01,Observed,562,1380,0.4072463768115942,Extremely High,Rare bad event - unusually high cases to date,98.7291838123865,Extremely High,96.7195851440462,Rare bad event - unusually high cases to date,81843,running well below
HND,Honduras,North & Central America,2026-08-01,Observed,455,6180.6875,0.07361640594189563,Low,Below average - fewer cases than typical at this point,20.5382570900288,Low,11.6784949573804,Below average - fewer cases than typical at this point,11157,running well below
IND,India,South Asia,2026-07-01,Observed,10122,10917.625,0.9271247180591017,Normal,Average - typical case load at this point,60.8538232666017,Low,14.4486345373335,Below average - fewer cases than typical at this point,132230,tracking near
JAM,Jamaica,Caribbean,2026-07-01,Observed,11,106.5625,0.1032258064516129,Low,Below average - fewer cases than typical at this point,21.593573553676,Low,9.89488886061901,Below average - fewer cases than typical at this point,226,running well below
KEN,Kenya,Sub-Saharan Africa,2026-07-01,Observed,1314,104.333333333333,12.594249201277995,Extremely High,Rare bad event - unusually high cases to date,100,Extremely High,99.89955350165,Rare bad event - unusually high cases to date,23960,running well above
KHM,Cambodia,East & Southeast Asia,2026-07-01,Observed,29580,4697.1875,6.297385403499434,Extremely High,Rare bad event - unusually high cases to date,99.2647634432662,Extremely High,95.6109664396925,Rare bad event - unusually high cases to date,108342,running well above
KIR,Kiribati,Pacific Islands,2026-07-01,Observed,1,74.625,0.01340033500837521,Normal,Average - typical case load at this point,45.3712963182653,Normal,40.651793153466,Average - typical case load at this point,67,running well below
KNA,Saint Kitts And Nevis,Caribbean,2026-04-01,Observed,4,1.66666666666667,2.399999999999995,High,Above average - more cases than typical at this point,93.9156098543646,Extremely Low,0.515639515739654,Rare good event - unusually low cases to date,235,running well above
LAO,Lao People's Democratic Republic,East & Southeast Asia,2026-07-01,Observed,1269,3511.25,0.36140975436098255,Normal,Average - typical case load at this point,32.8240345183079,Normal,25.259185266682,Average - typical case load at this point,6769,running well below
LCA,Saint Lucia,Caribbean,2026-08-01,Observed,1,41.4545454545455,0.02412280701754383,Low,Below average - fewer cases than typical at this point,8.06244473059543,Extremely Low,3.95299206112426,Rare good event - unusually low cases to date,21,running well below
LKA,Sri Lanka,South Asia,2026-07-01,Observed,29973,8700,3.4451724137931032,Extremely High,Rare bad event - unusually high cases to date,97.0899029057333,High,84.8571061834811,Above average - more cases than typical at this point,153381,running well above
MAF,Saint Martin,Caribbean,2026-05-01,Observed,0,60.2142857142857,0,Low,Below average - fewer cases than typical at this point,9.89788426262685,Extremely Low,4.02468201625287,Rare good event - unusually low cases to date,68,running well below
MDV,Maldives,South Asia,2026-07-01,Observed,452,300.5,1.5041597337770383,Extremely High,Rare bad event - unusually high cases to date,98.5390323185504,High,89.458383821818,Above average - more cases than typical at this point,7027,running well above
MEX,Mexico,North & Central America,2026-08-01,Observed,3999,21118.6875,0.1893583585627658,Normal,Average - typical case load at this point,31.5655411180203,Low,7.56799394884661,Below average - fewer cases than typical at this point,95090,running well below
MHL,Marshall Islands,Pacific Islands,2026-07-01,Observed,0,22.4,0,Unknown,Cannot determine,NA,Unknown,0.00482888646526229,Cannot determine,0,running well below
MMR,Myanmar,East & Southeast Asia,2026-07-01,Observed,1576,4259.875,0.3699639073916488,Low,Below average - fewer cases than typical at this point,10.2822814217772,Low,7.63882502163538,Below average - fewer cases than typical at this point,5699,running well below
MRT,Mauritania,Sub-Saharan Africa,2026-07-01,Observed,29,80.6666666666667,0.3595041322314048,Normal,Average - typical case load at this point,30.1973522398004,Normal,34.634742475623,Average - typical case load at this point,844,running well below
MTQ,Martinique,Caribbean,2026-05-01,Observed,60,173.266666666667,0.3462870334744126,Normal,Average - typical case load at this point,61.6901413985103,Normal,46.2666538746252,Average - typical case load at this point,2732,running well below
MYS,Malaysia,East & Southeast Asia,2026-06-01,Observed,8756,6668.625,1.3130143020487732,Normal,Average - typical case load at this point,59.8636746272838,Low,24.7088245815323,Below average - fewer cases than typical at this point,80971,running well above
NCL,New Caledonia,Pacific Islands,2026-07-01,Observed,57,42.6363636363636,1.3368869936034127,Normal,Average - typical case load at this point,70.1965710039946,Low,13.8256216648988,Below average - fewer cases than typical at this point,2313,running well above
NPL,Nepal,South Asia,2026-08-01,Observed,1776,1926,0.9221183800623053,Normal,Average - typical case load at this point,74.5525763350809,Normal,50.7567998628974,Average - typical case load at this point,13444,tracking near
PAK,Pakistan,South Asia,2026-07-01,Observed,639,1852.6875,0.3449043619066896,Normal,Average - typical case load at this point,53.482132591059,Low,21.145475302681,Below average - fewer cases than typical at this point,32809,running well below
PAN,Panama,North & Central America,2026-07-01,Observed,957,1230.9375,0.7774562071591774,High,Above average - more cases than typical at this point,79.9312329703655,Normal,48.2238181286297,Average - typical case load at this point,15719,running slightly below
PER,Peru,South America,2026-08-01,Observed,5488,2227.8,2.4634168237723313,Normal,Average - typical case load at this point,52.3507088367574,Extremely Low,0.00127787017914218,Rare good event - unusually low cases to date,52737,running well above
PLW,Palau,Pacific Islands,2026-07-01,Observed,2,59.875,0.033402922755741124,Low,Below average - fewer cases than typical at this point,16.5050260437264,Low,12.8484773720142,Below average - fewer cases than typical at this point,20,running well below
PRI,Puerto Rico,Caribbean,2026-08-01,Observed,19,526,0.03612167300380228,Normal,Average - typical case load at this point,35.006556014359,Low,14.9695262131927,Below average - fewer cases than typical at this point,1329,running well below
PRY,Paraguay,South America,2026-07-01,Observed,572,1100.5625,0.5197342268158328,Normal,Average - typical case load at this point,44.4332422721372,Low,9.36804246564988,Below average - fewer cases than typical at this point,14665,running well below
PYF,French Polynesia,Pacific Islands,2026-07-01,Observed,4,77.9166666666667,0.051336898395721905,Low,Below average - fewer cases than typical at this point,5.79209859542509,Low,6.92254757161617,Below average - fewer cases than typical at this point,48,running well below
REU,Reunion,Sub-Saharan Africa,2026-07-01,Observed,10,176.8,0.05656108597285067,Normal,Average - typical case load at this point,25.7526234137758,Low,10.0634437477144,Below average - fewer cases than typical at this point,289,running well below
SDN,Sudan,"Europe, Middle East & North Africa",2026-05-01,Observed,2734,26.875,101.73023255813953,Extremely High,Rare bad event - unusually high cases to date,99.9999999998474,High,81.1662565836432,Above average - more cases than typical at this point,651293,running well above
SEN,Senegal,Sub-Saharan Africa,2026-07-01,Observed,280,86.5714285714286,3.2343234323432335,High,Above average - more cases than typical at this point,92.2890525296392,Normal,55.3414501313101,Average - typical case load at this point,7571,running well above
SGP,Singapore,East & Southeast Asia,2026-07-01,Observed,610,1650.75,0.36952900196880206,Low,Below average - fewer cases than typical at this point,12.8883990167101,Low,6.50453713613871,Below average - fewer cases than typical at this point,3138,running well below
SLB,Solomon Islands,Pacific Islands,2026-07-01,Observed,12,62.4545454545455,0.1921397379912662,Normal,Average - typical case load at this point,46.5176597516396,Low,23.7358866087408,Below average - fewer cases than typical at this point,319,running well below
SLV,El Salvador,North & Central America,2026-07-01,Observed,458,2429.6875,0.1885016077170418,Low,Below average - fewer cases than typical at this point,10.7082610263859,Low,7.9105167772404,Below average - fewer cases than typical at this point,4843,running well below
SUR,Suriname,South America,2026-05-01,Observed,2,29.1818181818182,0.06853582554517129,High,Above average - more cases than typical at this point,80.9581182840924,High,76.3990704314464,Above average - more cases than typical at this point,759,running well below
SXM,Sint Maarten,Caribbean,2025-07-01,Observed,2,8,0.25,Low,Below average - fewer cases than typical at this point,19.7678926129597,Extremely Low,0.518656722068694,Rare good event - unusually low cases to date,66,running well below
SYC,Seychelles,Sub-Saharan Africa,2026-07-01,Observed,12,109.6,0.10948905109489052,Unknown,Cannot determine,NA,Extremely Low,3.65902588628705,Rare good event - unusually low cases to date,476,running well below
TCA,Turks And Caicos Islands,Caribbean,2026-03-01,Observed,0,22,0,Extremely Low,Rare good event - unusually low cases to date,0.00585270279872034,Unknown,6.5268536889073,Cannot determine,9,running well below
THA,Thailand,East & Southeast Asia,2026-07-01,Observed,6004,14275.4375,0.42058255657663735,Low,Below average - fewer cases than typical at this point,14.5406920274277,Low,8.07063852261627,Below average - fewer cases than typical at this point,33637,running well below
TLS,Timor-Leste,East & Southeast Asia,2026-06-01,Observed,84,52.6666666666667,1.5949367088607584,Extremely High,Rare bad event - unusually high cases to date,99.8214860249384,Unknown,16.286307491126,Cannot determine,5364,running well above
TON,Tonga,Pacific Islands,2026-07-01,Observed,8,48.8333333333333,0.16382252559726973,Normal,Average - typical case load at this point,49.0349649720582,Normal,40.6335468712344,Average - typical case load at this point,321,running well below
TTO,Trinidad And Tobago,Caribbean,2026-07-01,Observed,5,30.1666666666667,0.165745856353591,Normal,Average - typical case load at this point,52.5169200946003,Low,16.3447413147722,Below average - fewer cases than typical at this point,377,running well below
TUV,Tuvalu,Pacific Islands,2026-07-01,Observed,0,42.2,0,Normal,Average - typical case load at this point,31.452105094309,Low,14.3128776906515,Below average - fewer cases than typical at this point,23,running well below
URY,Uruguay,South America,2026-07-01,Observed,0,3,0,Low,Below average - fewer cases than typical at this point,13.1412006372238,Extremely Low,1.70671403861013,Rare good event - unusually low cases to date,0,running well below
USA,United States Of America,North & Central America,2026-08-01,Observed,65,89.4,0.727069351230425,Normal,Average - typical case load at this point,58.7416382306448,Low,24.1631841246263,Below average - fewer cases than typical at this point,631,running slightly below
VCT,Saint Vincent And The Grenadines,Caribbean,2026-07-01,Observed,0,13.9090909090909,0,Low,Below average - fewer cases than typical at this point,7.09921555252267,Extremely Low,4.10217450965002,Rare good event - unusually low cases to date,4,running well below
VEN,Venezuela,South America,2026-08-01,Observed,339,2446.375,0.13857237749731746,Normal,Average - typical case load at this point,30.0330420627203,Low,14.9548706853518,Below average - fewer cases than typical at this point,13753,running well below
VGB,Virgin Islands (Uk),Caribbean,2026-06-01,Observed,0,6.58333333333333,0,Normal,Average - typical case load at this point,44.2575355647182,Low,20.1656948095047,Below average - fewer cases than typical at this point,90,running well below
VNM,Viet Nam,East & Southeast Asia,2025-06-01,Observed,4860,9018.73333333333,0.5388783347254975,Normal,Average - typical case load at this point,37.0267448685864,Extremely Low,2.37804228719558,Rare good event - unusually low cases to date,96653,running well below
VUT,Vanuatu,Pacific Islands,2026-07-01,Observed,120,7.55555555555556,15.882352941176462,High,Above average - more cases than typical at this point,92.0600593822372,Normal,36.6624971603938,Average - typical case load at this point,297,running well above
WLF,Wallis And Futuna,Pacific Islands,2026-07-01,Observed,61,6.66666666666667,9.149999999999997,Extremely High,Rare bad event - unusually high cases to date,99.9999936973,Normal,48.0492768069022,Average - typical case load at this point,740,running well above
WSM,Samoa,Pacific Islands,2026-07-01,Observed,167,966,0.17287784679089027,High,Above average - more cases than typical at this point,87.7886876795034,Normal,59.8099369107951,Average - typical case load at this point,15279,running well below
